<?xml version="1.0" encoding="UTF-8"?>
<project-private xmlns="http://www.netbeans.org/ns/project-private/1">
    <editor-bookmarks xmlns="http://www.netbeans.org/ns/editor-bookmarks/2" lastBookmarkId="0"/>
    <open-files xmlns="http://www.netbeans.org/ns/projectui-open-files/2">
        <group>
            <file>file:/C:/Users/Kamil%20Matecki/Documents/NetBeansProjects/JavaGameApplication/src/javagameapplication/Player.java</file>
            <file>file:/C:/Users/Kamil%20Matecki/Documents/NetBeansProjects/JavaGameApplication/src/javagameapplication/OpenWindow.java</file>
            <file>file:/C:/Users/Kamil%20Matecki/Documents/NetBeansProjects/JavaGameApplication/src/javagameapplication/WelcomeWindow.java</file>
            <file>file:/C:/Users/Kamil%20Matecki/Documents/NetBeansProjects/JavaGameApplication/src/javagameapplication/Main.java</file>
            <file>file:/C:/Users/Kamil%20Matecki/Documents/NetBeansProjects/JavaGameApplication/src/javagameapplication/RegistryCard.java</file>
            <file>file:/C:/Users/Kamil%20Matecki/Documents/NetBeansProjects/JavaGameApplication/test/javagameapplicationtest/CardRepositoryTest.java</file>
            <file>file:/C:/Users/Kamil%20Matecki/Documents/NetBeansProjects/JavaGameApplication/src/javagameapplication/Response.java</file>
            <file>file:/C:/Users/Kamil%20Matecki/Documents/NetBeansProjects/JavaGameApplication/test/javagameapplicationtest/GameControllerTest.java</file>
            <file>file:/C:/Users/Kamil%20Matecki/Documents/NetBeansProjects/JavaGameApplication/src/javagameapplication/PlayerPanel.java</file>
            <file>file:/C:/Users/Kamil%20Matecki/Documents/NetBeansProjects/JavaGameApplication/src/javagameapplication/GameWindow.java</file>
            <file>file:/C:/Users/Kamil%20Matecki/Documents/NetBeansProjects/JavaGameApplication/src/javagameapplication/GameController.java</file>
            <file>file:/C:/Users/Kamil%20Matecki/Documents/NetBeansProjects/JavaGameApplication/src/javagameapplication/CardRepository.java</file>
        </group>
    </open-files>
</project-private>
